feedback,label
The teacher explains concepts really well.,positive
The teacher explains concepts really well.,positive
The lecture was confusing and hard to understand.,negative
"The class was okay, neither too good nor too bad.",neutral
The teaching style is acceptable.,neutral
I feel neutral about the teaching.,neutral
The lessons were well-structured and informative.,positive
The lecture was average.,neutral
I did not understand the topic at all.,negative
The interactive teaching keeps me engaged.,positive
Too fast and not explaining concepts properly.,negative
The lecture was average.,neutral
The learning experience was moderate.,neutral
I feel neutral about the teaching.,neutral
The lecture was confusing and hard to understand.,negative
The teacher does not engage the class.,negative
"Sometimes it was clear, sometimes confusing.",neutral
The class had both good and bad points.,neutral
"Sometimes it was clear, sometimes confusing.",neutral
Too fast and not explaining concepts properly.,negative
The teacher does not engage the class.,negative
"The class was okay, neither too good nor too bad.",neutral
The lessons were well-structured and informative.,positive
Too fast and not explaining concepts properly.,negative
The lecture was very clear and easy to understand.,positive
The teaching quality is excellent.,positive
The lecture was confusing and hard to understand.,negative
The learning experience was moderate.,neutral
Overall the experience was fine.,neutral
"The class was okay, neither too good nor too bad.",neutral
The examples used in class were helpful.,positive
The teacher does not engage the class.,negative
I struggled to follow the lesson.,negative
The lecture was average.,neutral
The teacher does not engage the class.,negative
The teaching quality is excellent.,positive
The teaching quality is excellent.,positive
Too fast and not explaining concepts properly.,negative
The class had both good and bad points.,neutral
The lessons were well-structured and informative.,positive
The teacher motivates us to learn.,positive
The lecture was average.,neutral
Too fast and not explaining concepts properly.,negative
The teacher explains concepts really well.,positive
I feel neutral about the teaching.,neutral
"The class was okay, neither too good nor too bad.",neutral
The lecture was average.,neutral
The class had both good and bad points.,neutral
The pace is too fast for proper understanding.,negative
The lecture was average.,neutral
I enjoyed the class and learned a lot.,positive
I feel neutral about the teaching.,neutral
The lecture was confusing and hard to understand.,negative
The lecture was average.,neutral
The teacher needs to improve communication.,negative
The teaching style is poor and ineffective.,negative
I appreciate the way concepts are broken down.,positive
I feel neutral about the teaching.,neutral
I did not understand the topic at all.,negative
Teaching speed is perfect and engaging.,positive
I struggled to follow the lesson.,negative
The teaching style is acceptable.,neutral
I did not understand the topic at all.,negative
"Sometimes it was clear, sometimes confusing.",neutral
"The class was okay, neither too good nor too bad.",neutral
The examples used in class were helpful.,positive
The teacher does not engage the class.,negative
"The class was okay, neither too good nor too bad.",neutral
"Sometimes it was clear, sometimes confusing.",neutral
The teacher does not engage the class.,negative
"Sometimes it was clear, sometimes confusing.",neutral
The learning experience was moderate.,neutral
The teaching style is acceptable.,neutral
The class had both good and bad points.,neutral
I enjoyed the class and learned a lot.,positive
The lessons were well-structured and informative.,positive
I struggled to follow the lesson.,negative
The examples used in class were helpful.,positive
The pace is too fast for proper understanding.,negative
The lecture was average.,neutral
The class lacks clarity and structure.,negative
The class lacks clarity and structure.,negative
The interactive teaching keeps me engaged.,positive
Class was normal without any major issues.,neutral
The class lacks clarity and structure.,negative
The teaching quality is excellent.,positive
The teacher explains concepts really well.,positive
The teaching quality is excellent.,positive
Overall the experience was fine.,neutral
The lecture was confusing and hard to understand.,negative
The class had both good and bad points.,neutral
The explanation level is average.,neutral
I feel neutral about the teaching.,neutral
Overall the experience was fine.,neutral
I enjoyed the class and learned a lot.,positive
Teaching speed is perfect and engaging.,positive
The class had both good and bad points.,neutral
The teaching style is acceptable.,neutral
The lecture was very clear and easy to understand.,positive
Too fast and not explaining concepts properly.,negative
I did not understand the topic at all.,negative
The examples used in class were helpful.,positive
"The class was okay, neither too good nor too bad.",neutral
The class had both good and bad points.,neutral
Examples are not clear and too few.,negative
The learning experience was moderate.,neutral
"Sometimes it was clear, sometimes confusing.",neutral
Teaching speed is perfect and engaging.,positive
The examples used in class were helpful.,positive
The pace is too fast for proper understanding.,negative
The interactive teaching keeps me engaged.,positive
The lecture was average.,neutral
The lecture was average.,neutral
The teaching quality is excellent.,positive
The lessons were well-structured and informative.,positive
The teaching style is poor and ineffective.,negative
I feel neutral about the teaching.,neutral
I did not understand the topic at all.,negative
The teacher does not engage the class.,negative
Class was normal without any major issues.,neutral
The teacher motivates us to learn.,positive
The lecture was average.,neutral
The teaching style is acceptable.,neutral
"Sometimes it was clear, sometimes confusing.",neutral
The lecture was confusing and hard to understand.,negative
I did not understand the topic at all.,negative
The pace is too fast for proper understanding.,negative
The teacher motivates us to learn.,positive
Teaching speed is perfect and engaging.,positive
The lecture was very clear and easy to understand.,positive
The teacher explains concepts really well.,positive
I did not understand the topic at all.,negative
The pace is too fast for proper understanding.,negative
"Sometimes it was clear, sometimes confusing.",neutral
The class had both good and bad points.,neutral
Too fast and not explaining concepts properly.,negative
The pace is too fast for proper understanding.,negative
The lecture was very clear and easy to understand.,positive
The teacher explains concepts really well.,positive
The lessons were well-structured and informative.,positive
The lecture was confusing and hard to understand.,negative
Too fast and not explaining concepts properly.,negative
The teacher motivates us to learn.,positive
The examples used in class were helpful.,positive
The teaching style is acceptable.,neutral
The lecture was confusing and hard to understand.,negative
The teaching quality is excellent.,positive
Too fast and not explaining concepts properly.,negative
The teaching quality is excellent.,positive
Examples are not clear and too few.,negative
I struggled to follow the lesson.,negative
The examples used in class were helpful.,positive
The interactive teaching keeps me engaged.,positive
The teacher motivates us to learn.,positive
The explanation level is average.,neutral
The class had both good and bad points.,neutral
The teacher explains concepts really well.,positive
"Sometimes it was clear, sometimes confusing.",neutral
The pace is too fast for proper understanding.,negative
The learning experience was moderate.,neutral
The teaching style is poor and ineffective.,negative
I enjoyed the class and learned a lot.,positive
"The class was okay, neither too good nor too bad.",neutral
I struggled to follow the lesson.,negative
The teacher explains concepts really well.,positive
The interactive teaching keeps me engaged.,positive
"The class was okay, neither too good nor too bad.",neutral
The learning experience was moderate.,neutral
The teaching style is poor and ineffective.,negative
Class was normal without any major issues.,neutral
I struggled to follow the lesson.,negative
The teacher motivates us to learn.,positive
The explanation level is average.,neutral
"The class was okay, neither too good nor too bad.",neutral
The teaching style is poor and ineffective.,negative
The lecture was average.,neutral
The learning experience was moderate.,neutral
The class had both good and bad points.,neutral
I did not understand the topic at all.,negative
The teacher needs to improve communication.,negative
I enjoyed the class and learned a lot.,positive
The lecture was confusing and hard to understand.,negative
The examples used in class were helpful.,positive
I appreciate the way concepts are broken down.,positive
I struggled to follow the lesson.,negative
The teacher explains concepts really well.,positive
I feel neutral about the teaching.,neutral
The learning experience was moderate.,neutral
"Sometimes it was clear, sometimes confusing.",neutral
I feel neutral about the teaching.,neutral
The lessons were well-structured and informative.,positive
Teaching speed is perfect and engaging.,positive
I enjoyed the class and learned a lot.,positive
The teacher motivates us to learn.,positive
Too fast and not explaining concepts properly.,negative
Too fast and not explaining concepts properly.,negative
The teacher explains concepts really well.,positive
The teaching style is acceptable.,neutral
The learning experience was moderate.,neutral
The lecture was average.,neutral
The teacher does not engage the class.,negative
I enjoyed the class and learned a lot.,positive
The class lacks clarity and structure.,negative
The lecture was very clear and easy to understand.,positive
The teacher needs to improve communication.,negative
The lecture was average.,neutral
The lecture was average.,neutral
I feel neutral about the teaching.,neutral
The teaching style is poor and ineffective.,negative
The learning experience was moderate.,neutral
"The class was okay, neither too good nor too bad.",neutral
I struggled to follow the lesson.,negative
I enjoyed the class and learned a lot.,positive
The learning experience was moderate.,neutral
The teaching style is poor and ineffective.,negative
The interactive teaching keeps me engaged.,positive
The teacher does not engage the class.,negative
The teaching style is acceptable.,neutral
Teaching speed is perfect and engaging.,positive
Teaching speed is perfect and engaging.,positive
The learning experience was moderate.,neutral
The lessons were well-structured and informative.,positive
I enjoyed the class and learned a lot.,positive
The lecture was very clear and easy to understand.,positive
The class lacks clarity and structure.,negative
Examples are not clear and too few.,negative
The class had both good and bad points.,neutral
The lecture was confusing and hard to understand.,negative
The learning experience was moderate.,neutral
Overall the experience was fine.,neutral
"Sometimes it was clear, sometimes confusing.",neutral
"The class was okay, neither too good nor too bad.",neutral
"The class was okay, neither too good nor too bad.",neutral
The lessons were well-structured and informative.,positive
Overall the experience was fine.,neutral
The lecture was confusing and hard to understand.,negative
The teaching style is acceptable.,neutral
The teacher does not engage the class.,negative
The teacher does not engage the class.,negative
The lecture was very clear and easy to understand.,positive
The teacher needs to improve communication.,negative
The lessons were well-structured and informative.,positive
The lessons were well-structured and informative.,positive
The lecture was average.,neutral
The pace is too fast for proper understanding.,negative
The teacher explains concepts really well.,positive
The teacher does not engage the class.,negative
The lessons were well-structured and informative.,positive
I did not understand the topic at all.,negative
I did not understand the topic at all.,negative
The class had both good and bad points.,neutral
The lecture was very clear and easy to understand.,positive
"Sometimes it was clear, sometimes confusing.",neutral
"Sometimes it was clear, sometimes confusing.",neutral
I feel neutral about the teaching.,neutral
The lecture was confusing and hard to understand.,negative
The class lacks clarity and structure.,negative
The explanation level is average.,neutral
The lessons were well-structured and informative.,positive
I struggled to follow the lesson.,negative
I did not understand the topic at all.,negative
The class lacks clarity and structure.,negative
I appreciate the way concepts are broken down.,positive
Class was normal without any major issues.,neutral
Class was normal without any major issues.,neutral
"Sometimes it was clear, sometimes confusing.",neutral
"Sometimes it was clear, sometimes confusing.",neutral
Examples are not clear and too few.,negative
The teacher needs to improve communication.,negative
Class was normal without any major issues.,neutral
I feel neutral about the teaching.,neutral
The class lacks clarity and structure.,negative
I appreciate the way concepts are broken down.,positive
Overall the experience was fine.,neutral
Overall the experience was fine.,neutral
The teacher motivates us to learn.,positive
The pace is too fast for proper understanding.,negative
The lecture was confusing and hard to understand.,negative
The teaching style is acceptable.,neutral
The interactive teaching keeps me engaged.,positive
I did not understand the topic at all.,negative
Teaching speed is perfect and engaging.,positive
The lecture was confusing and hard to understand.,negative
The teaching style is poor and ineffective.,negative
I appreciate the way concepts are broken down.,positive
The lecture was very clear and easy to understand.,positive
Teaching speed is perfect and engaging.,positive
I appreciate the way concepts are broken down.,positive
The examples used in class were helpful.,positive
I appreciate the way concepts are broken down.,positive
The teaching quality is excellent.,positive
The lecture was average.,neutral
Examples are not clear and too few.,negative
The examples used in class were helpful.,positive
The class had both good and bad points.,neutral
I enjoyed the class and learned a lot.,positive
"Sometimes it was clear, sometimes confusing.",neutral
Overall the experience was fine.,neutral
Too fast and not explaining concepts properly.,negative
The pace is too fast for proper understanding.,negative
I appreciate the way concepts are broken down.,positive
Overall the experience was fine.,neutral
The lecture was confusing and hard to understand.,negative
The lessons were well-structured and informative.,positive
I struggled to follow the lesson.,negative
The teaching style is poor and ineffective.,negative
The teacher explains concepts really well.,positive
The class had both good and bad points.,neutral
I appreciate the way concepts are broken down.,positive
The teaching style is poor and ineffective.,negative
The teacher needs to improve communication.,negative
I enjoyed the class and learned a lot.,positive
The class lacks clarity and structure.,negative
"The class was okay, neither too good nor too bad.",neutral
Class was normal without any major issues.,neutral
The lecture was very clear and easy to understand.,positive
The learning experience was moderate.,neutral
The learning experience was moderate.,neutral
The lecture was very clear and easy to understand.,positive
The interactive teaching keeps me engaged.,positive
The teacher motivates us to learn.,positive
The teacher explains concepts really well.,positive
I appreciate the way concepts are broken down.,positive
The teaching style is poor and ineffective.,negative
The lecture was very clear and easy to understand.,positive
Teaching speed is perfect and engaging.,positive
The class lacks clarity and structure.,negative
The teacher does not engage the class.,negative
Too fast and not explaining concepts properly.,negative
The pace is too fast for proper understanding.,negative
The learning experience was moderate.,neutral
The learning experience was moderate.,neutral
I struggled to follow the lesson.,negative
The explanation level is average.,neutral
Overall the experience was fine.,neutral
I appreciate the way concepts are broken down.,positive
Too fast and not explaining concepts properly.,negative
The class lacks clarity and structure.,negative
Too fast and not explaining concepts properly.,negative
The explanation level is average.,neutral
The teaching style is poor and ineffective.,negative
The teaching quality is excellent.,positive
Teaching speed is perfect and engaging.,positive
The learning experience was moderate.,neutral
The teacher motivates us to learn.,positive
"The class was okay, neither too good nor too bad.",neutral
The teacher motivates us to learn.,positive
The lessons were well-structured and informative.,positive
The lecture was average.,neutral
The interactive teaching keeps me engaged.,positive
The teacher motivates us to learn.,positive
The lecture was average.,neutral
I feel neutral about the teaching.,neutral
"The class was okay, neither too good nor too bad.",neutral
The teaching style is poor and ineffective.,negative
I enjoyed the class and learned a lot.,positive
The class lacks clarity and structure.,negative
The teacher needs to improve communication.,negative
Too fast and not explaining concepts properly.,negative
The pace is too fast for proper understanding.,negative
Class was normal without any major issues.,neutral
I appreciate the way concepts are broken down.,positive
The teaching style is poor and ineffective.,negative
The examples used in class were helpful.,positive
The learning experience was moderate.,neutral
The class lacks clarity and structure.,negative
The learning experience was moderate.,neutral
The teacher does not engage the class.,negative
I struggled to follow the lesson.,negative
The class lacks clarity and structure.,negative
Teaching speed is perfect and engaging.,positive
The teaching style is acceptable.,neutral
I enjoyed the class and learned a lot.,positive
The teacher does not engage the class.,negative
The teacher motivates us to learn.,positive
The examples used in class were helpful.,positive
The teacher does not engage the class.,negative
The lecture was average.,neutral
The teacher explains concepts really well.,positive
The teaching quality is excellent.,positive
The interactive teaching keeps me engaged.,positive
The teacher does not engage the class.,negative
Examples are not clear and too few.,negative
The lecture was very clear and easy to understand.,positive
Too fast and not explaining concepts properly.,negative
Overall the experience was fine.,neutral
The teacher motivates us to learn.,positive
The teacher explains concepts really well.,positive
The interactive teaching keeps me engaged.,positive
The lecture was very clear and easy to understand.,positive
The teacher motivates us to learn.,positive
Class was normal without any major issues.,neutral
The lecture was confusing and hard to understand.,negative
I feel neutral about the teaching.,neutral
I enjoyed the class and learned a lot.,positive
I enjoyed the class and learned a lot.,positive
The teaching quality is excellent.,positive
The teacher needs to improve communication.,negative
The examples used in class were helpful.,positive
The interactive teaching keeps me engaged.,positive
The pace is too fast for proper understanding.,negative
The learning experience was moderate.,neutral
The teacher motivates us to learn.,positive
The teaching style is poor and ineffective.,negative
The examples used in class were helpful.,positive
Examples are not clear and too few.,negative
Examples are not clear and too few.,negative
The teacher explains concepts really well.,positive
The teaching style is poor and ineffective.,negative
Overall the experience was fine.,neutral
I struggled to follow the lesson.,negative
The teaching quality is excellent.,positive
The lecture was very clear and easy to understand.,positive
Overall the experience was fine.,neutral
Teaching speed is perfect and engaging.,positive
The class had both good and bad points.,neutral
Teaching speed is perfect and engaging.,positive
Overall the experience was fine.,neutral
The explanation level is average.,neutral
The teaching quality is excellent.,positive
I feel neutral about the teaching.,neutral
The examples used in class were helpful.,positive
The pace is too fast for proper understanding.,negative
"Sometimes it was clear, sometimes confusing.",neutral
Teaching speed is perfect and engaging.,positive
"Sometimes it was clear, sometimes confusing.",neutral
Class was normal without any major issues.,neutral
The class had both good and bad points.,neutral
Class was normal without any major issues.,neutral
"The class was okay, neither too good nor too bad.",neutral
The teacher motivates us to learn.,positive
The learning experience was moderate.,neutral
I did not understand the topic at all.,negative
The explanation level is average.,neutral
The lecture was very clear and easy to understand.,positive
Examples are not clear and too few.,negative
The lecture was average.,neutral
I did not understand the topic at all.,negative
The teacher needs to improve communication.,negative
The pace is too fast for proper understanding.,negative
The pace is too fast for proper understanding.,negative
The teacher does not engage the class.,negative
I enjoyed the class and learned a lot.,positive
The class had both good and bad points.,neutral
The lecture was confusing and hard to understand.,negative
The teacher does not engage the class.,negative
The teaching style is acceptable.,neutral
The pace is too fast for proper understanding.,negative
The teaching style is acceptable.,neutral
The pace is too fast for proper understanding.,negative
The teacher needs to improve communication.,negative
The explanation level is average.,neutral
The lecture was confusing and hard to understand.,negative
Examples are not clear and too few.,negative
I did not understand the topic at all.,negative
I struggled to follow the lesson.,negative
The lessons were well-structured and informative.,positive
The lecture was very clear and easy to understand.,positive
The class lacks clarity and structure.,negative
"The class was okay, neither too good nor too bad.",neutral
The lecture was confusing and hard to understand.,negative
The lecture was average.,neutral
Examples are not clear and too few.,negative
The teacher does not engage the class.,negative
The teaching style is poor and ineffective.,negative
The teaching quality is excellent.,positive
The lecture was confusing and hard to understand.,negative
The explanation level is average.,neutral
I feel neutral about the teaching.,neutral
The lecture was confusing and hard to understand.,negative
I enjoyed the class and learned a lot.,positive
The pace is too fast for proper understanding.,negative
The teaching quality is excellent.,positive
The lecture was average.,neutral
I enjoyed the class and learned a lot.,positive
Teaching speed is perfect and engaging.,positive
The lecture was confusing and hard to understand.,negative
Teaching speed is perfect and engaging.,positive
The lecture was confusing and hard to understand.,negative
I enjoyed the class and learned a lot.,positive
The teacher explains concepts really well.,positive
I feel neutral about the teaching.,neutral
The teaching quality is excellent.,positive
The class had both good and bad points.,neutral
The lessons were well-structured and informative.,positive
The lessons were well-structured and informative.,positive
Class was normal without any major issues.,neutral
Teaching speed is perfect and engaging.,positive
The lecture was confusing and hard to understand.,negative
The class had both good and bad points.,neutral
The teacher needs to improve communication.,negative
Overall the experience was fine.,neutral
Teaching speed is perfect and engaging.,positive
Overall the experience was fine.,neutral
The lessons were well-structured and informative.,positive
The lecture was very clear and easy to understand.,positive
The lecture was confusing and hard to understand.,negative
The class lacks clarity and structure.,negative
I struggled to follow the lesson.,negative
Examples are not clear and too few.,negative
The learning experience was moderate.,neutral
The learning experience was moderate.,neutral
The teaching style is acceptable.,neutral
The lecture was average.,neutral
The learning experience was moderate.,neutral
The examples used in class were helpful.,positive
Class was normal without any major issues.,neutral
Too fast and not explaining concepts properly.,negative
I feel neutral about the teaching.,neutral
"Sometimes it was clear, sometimes confusing.",neutral
I feel neutral about the teaching.,neutral
I enjoyed the class and learned a lot.,positive
The examples used in class were helpful.,positive
I struggled to follow the lesson.,negative
"The class was okay, neither too good nor too bad.",neutral
The learning experience was moderate.,neutral
The class lacks clarity and structure.,negative
The teacher explains concepts really well.,positive
I appreciate the way concepts are broken down.,positive
Teaching speed is perfect and engaging.,positive
The pace is too fast for proper understanding.,negative
Examples are not clear and too few.,negative
The teacher explains concepts really well.,positive
"Sometimes it was clear, sometimes confusing.",neutral
"The class was okay, neither too good nor too bad.",neutral
The teacher explains concepts really well.,positive
The teacher does not engage the class.,negative
The lecture was confusing and hard to understand.,negative
I feel neutral about the teaching.,neutral
I appreciate the way concepts are broken down.,positive
The interactive teaching keeps me engaged.,positive
Overall the experience was fine.,neutral
The explanation level is average.,neutral
The class lacks clarity and structure.,negative
The lecture was confusing and hard to understand.,negative
The teaching style is acceptable.,neutral
The lecture was very clear and easy to understand.,positive
The class had both good and bad points.,neutral
I appreciate the way concepts are broken down.,positive
The lessons were well-structured and informative.,positive
The lessons were well-structured and informative.,positive
The lecture was very clear and easy to understand.,positive
The examples used in class were helpful.,positive
I struggled to follow the lesson.,negative
The class lacks clarity and structure.,negative
The class lacks clarity and structure.,negative
The lecture was very clear and easy to understand.,positive
The lessons were well-structured and informative.,positive
The examples used in class were helpful.,positive
Class was normal without any major issues.,neutral
The class had both good and bad points.,neutral
"Sometimes it was clear, sometimes confusing.",neutral
The pace is too fast for proper understanding.,negative
The lecture was average.,neutral
I enjoyed the class and learned a lot.,positive
The teaching quality is excellent.,positive
Class was normal without any major issues.,neutral
The teacher needs to improve communication.,negative
The lecture was confusing and hard to understand.,negative
"Sometimes it was clear, sometimes confusing.",neutral
"The class was okay, neither too good nor too bad.",neutral
Too fast and not explaining concepts properly.,negative
The lecture was average.,neutral
Examples are not clear and too few.,negative
Class was normal without any major issues.,neutral
The lessons were well-structured and informative.,positive
The pace is too fast for proper understanding.,negative
Teaching speed is perfect and engaging.,positive
The teacher explains concepts really well.,positive
The interactive teaching keeps me engaged.,positive
The examples used in class were helpful.,positive
The class had both good and bad points.,neutral
I appreciate the way concepts are broken down.,positive
I enjoyed the class and learned a lot.,positive
The teaching quality is excellent.,positive
Examples are not clear and too few.,negative
The lessons were well-structured and informative.,positive
"Sometimes it was clear, sometimes confusing.",neutral
The lecture was very clear and easy to understand.,positive
The teaching style is acceptable.,neutral
I enjoyed the class and learned a lot.,positive
I did not understand the topic at all.,negative
"Sometimes it was clear, sometimes confusing.",neutral
The learning experience was moderate.,neutral
The class had both good and bad points.,neutral
Examples are not clear and too few.,negative
I feel neutral about the teaching.,neutral
Too fast and not explaining concepts properly.,negative
The lecture was very clear and easy to understand.,positive
The teaching style is poor and ineffective.,negative
I enjoyed the class and learned a lot.,positive
Teaching speed is perfect and engaging.,positive
The lessons were well-structured and informative.,positive
The class had both good and bad points.,neutral
The teaching quality is excellent.,positive
The teacher explains concepts really well.,positive
"Sometimes it was clear, sometimes confusing.",neutral
The lecture was average.,neutral
The teacher motivates us to learn.,positive
The teaching style is acceptable.,neutral
The class lacks clarity and structure.,negative
Examples are not clear and too few.,negative
I did not understand the topic at all.,negative
The teaching quality is excellent.,positive
The teaching quality is excellent.,positive
I feel neutral about the teaching.,neutral
Teaching speed is perfect and engaging.,positive
The teacher needs to improve communication.,negative
The teaching style is acceptable.,neutral
The interactive teaching keeps me engaged.,positive
Examples are not clear and too few.,negative
The teaching quality is excellent.,positive
The lecture was average.,neutral
The class lacks clarity and structure.,negative
The interactive teaching keeps me engaged.,positive
I appreciate the way concepts are broken down.,positive
I appreciate the way concepts are broken down.,positive
"Sometimes it was clear, sometimes confusing.",neutral
The learning experience was moderate.,neutral
"The class was okay, neither too good nor too bad.",neutral
Class was normal without any major issues.,neutral
The pace is too fast for proper understanding.,negative
The teacher needs to improve communication.,negative
The teaching quality is excellent.,positive
Too fast and not explaining concepts properly.,negative
"Sometimes it was clear, sometimes confusing.",neutral
The lecture was confusing and hard to understand.,negative
Class was normal without any major issues.,neutral
Class was normal without any major issues.,neutral
The lecture was very clear and easy to understand.,positive
Teaching speed is perfect and engaging.,positive
The lecture was very clear and easy to understand.,positive
The learning experience was moderate.,neutral
The lecture was very clear and easy to understand.,positive
The pace is too fast for proper understanding.,negative
I enjoyed the class and learned a lot.,positive
The class lacks clarity and structure.,negative
The teacher does not engage the class.,negative
The teaching style is poor and ineffective.,negative
Examples are not clear and too few.,negative
The teacher explains concepts really well.,positive
The learning experience was moderate.,neutral
The interactive teaching keeps me engaged.,positive
The class lacks clarity and structure.,negative
The teacher needs to improve communication.,negative
The class had both good and bad points.,neutral
Overall the experience was fine.,neutral
The lecture was average.,neutral
Examples are not clear and too few.,negative
The class lacks clarity and structure.,negative
I did not understand the topic at all.,negative
"Sometimes it was clear, sometimes confusing.",neutral
I enjoyed the class and learned a lot.,positive
The teacher needs to improve communication.,negative
The learning experience was moderate.,neutral
The lecture was very clear and easy to understand.,positive
I struggled to follow the lesson.,negative
I struggled to follow the lesson.,negative
The lecture was very clear and easy to understand.,positive
The pace is too fast for proper understanding.,negative
The teaching quality is excellent.,positive
The teacher does not engage the class.,negative
The teacher does not engage the class.,negative
The teaching style is acceptable.,neutral
The teaching quality is excellent.,positive
Class was normal without any major issues.,neutral
Overall the experience was fine.,neutral
Overall the experience was fine.,neutral
The class had both good and bad points.,neutral
The lecture was very clear and easy to understand.,positive
The teacher does not engage the class.,negative
I did not understand the topic at all.,negative
I appreciate the way concepts are broken down.,positive
I appreciate the way concepts are broken down.,positive
Examples are not clear and too few.,negative
"The class was okay, neither too good nor too bad.",neutral
The interactive teaching keeps me engaged.,positive
Class was normal without any major issues.,neutral
The class lacks clarity and structure.,negative
The teaching quality is excellent.,positive
The teaching quality is excellent.,positive
The lessons were well-structured and informative.,positive
The teacher does not engage the class.,negative
The teaching style is acceptable.,neutral
I struggled to follow the lesson.,negative
The lessons were well-structured and informative.,positive
Overall the experience was fine.,neutral
The teaching style is poor and ineffective.,negative
The explanation level is average.,neutral
The teacher motivates us to learn.,positive
The class lacks clarity and structure.,negative
The explanation level is average.,neutral
The explanation level is average.,neutral
The learning experience was moderate.,neutral
Examples are not clear and too few.,negative
"The class was okay, neither too good nor too bad.",neutral
"Sometimes it was clear, sometimes confusing.",neutral
The lecture was confusing and hard to understand.,negative
The lessons were well-structured and informative.,positive
The examples used in class were helpful.,positive
"The class was okay, neither too good nor too bad.",neutral
I did not understand the topic at all.,negative
The teaching style is acceptable.,neutral
The class lacks clarity and structure.,negative
I appreciate the way concepts are broken down.,positive
The examples used in class were helpful.,positive
"Sometimes it was clear, sometimes confusing.",neutral
The examples used in class were helpful.,positive
The lecture was average.,neutral
The lecture was average.,neutral
Teaching speed is perfect and engaging.,positive
The pace is too fast for proper understanding.,negative
The teaching style is acceptable.,neutral
I appreciate the way concepts are broken down.,positive
The explanation level is average.,neutral
The teaching quality is excellent.,positive
The learning experience was moderate.,neutral
The teaching style is poor and ineffective.,negative
The interactive teaching keeps me engaged.,positive
The teacher needs to improve communication.,negative
Too fast and not explaining concepts properly.,negative
The lecture was confusing and hard to understand.,negative
"Sometimes it was clear, sometimes confusing.",neutral
The explanation level is average.,neutral
The teacher motivates us to learn.,positive
"The class was okay, neither too good nor too bad.",neutral
I enjoyed the class and learned a lot.,positive
Class was normal without any major issues.,neutral
The lecture was very clear and easy to understand.,positive
I did not understand the topic at all.,negative
I did not understand the topic at all.,negative
"The class was okay, neither too good nor too bad.",neutral
The class lacks clarity and structure.,negative
Too fast and not explaining concepts properly.,negative
The lecture was average.,neutral
"The class was okay, neither too good nor too bad.",neutral
I enjoyed the class and learned a lot.,positive
The teaching quality is excellent.,positive
The pace is too fast for proper understanding.,negative
I enjoyed the class and learned a lot.,positive
The lecture was very clear and easy to understand.,positive
The teacher motivates us to learn.,positive
I appreciate the way concepts are broken down.,positive
Teaching speed is perfect and engaging.,positive
Teaching speed is perfect and engaging.,positive
"Sometimes it was clear, sometimes confusing.",neutral
I feel neutral about the teaching.,neutral
Examples are not clear and too few.,negative
I did not understand the topic at all.,negative
I feel neutral about the teaching.,neutral
Too fast and not explaining concepts properly.,negative
The teacher does not engage the class.,negative
I did not understand the topic at all.,negative
The lessons were well-structured and informative.,positive
The class lacks clarity and structure.,negative
Overall the experience was fine.,neutral
Class was normal without any major issues.,neutral
Class was normal without any major issues.,neutral
The class lacks clarity and structure.,negative
The lecture was average.,neutral
The lecture was average.,neutral
I did not understand the topic at all.,negative
The lecture was confusing and hard to understand.,negative
The examples used in class were helpful.,positive
The class had both good and bad points.,neutral
The lecture was very clear and easy to understand.,positive
The interactive teaching keeps me engaged.,positive
Examples are not clear and too few.,negative
I feel neutral about the teaching.,neutral
Teaching speed is perfect and engaging.,positive
I feel neutral about the teaching.,neutral
The lecture was average.,neutral
"The class was okay, neither too good nor too bad.",neutral
I did not understand the topic at all.,negative
Examples are not clear and too few.,negative
The explanation level is average.,neutral
I struggled to follow the lesson.,negative
Teaching speed is perfect and engaging.,positive
I struggled to follow the lesson.,negative
I struggled to follow the lesson.,negative
The lessons were well-structured and informative.,positive
I enjoyed the class and learned a lot.,positive
"Sometimes it was clear, sometimes confusing.",neutral
The teaching style is poor and ineffective.,negative
The lecture was very clear and easy to understand.,positive
I appreciate the way concepts are broken down.,positive
"The class was okay, neither too good nor too bad.",neutral
The teaching style is acceptable.,neutral
The pace is too fast for proper understanding.,negative
The pace is too fast for proper understanding.,negative
I struggled to follow the lesson.,negative
The teaching style is poor and ineffective.,negative
The teaching style is poor and ineffective.,negative
The class lacks clarity and structure.,negative
Teaching speed is perfect and engaging.,positive
The examples used in class were helpful.,positive
The lessons were well-structured and informative.,positive
Examples are not clear and too few.,negative
Examples are not clear and too few.,negative
The lecture was average.,neutral
The teacher does not engage the class.,negative
The learning experience was moderate.,neutral
The teacher motivates us to learn.,positive
Examples are not clear and too few.,negative
Too fast and not explaining concepts properly.,negative
The teaching style is acceptable.,neutral
The explanation level is average.,neutral
The teacher motivates us to learn.,positive
"The class was okay, neither too good nor too bad.",neutral
I struggled to follow the lesson.,negative
"Sometimes it was clear, sometimes confusing.",neutral
The learning experience was moderate.,neutral
Class was normal without any major issues.,neutral
The interactive teaching keeps me engaged.,positive
The learning experience was moderate.,neutral
The learning experience was moderate.,neutral
The teacher motivates us to learn.,positive
I did not understand the topic at all.,negative
The class had both good and bad points.,neutral
I feel neutral about the teaching.,neutral
I struggled to follow the lesson.,negative
Examples are not clear and too few.,negative
The lecture was very clear and easy to understand.,positive
The teacher explains concepts really well.,positive
The teacher explains concepts really well.,positive
Teaching speed is perfect and engaging.,positive
I enjoyed the class and learned a lot.,positive
The lecture was average.,neutral
The lecture was very clear and easy to understand.,positive
The teacher does not engage the class.,negative
The class had both good and bad points.,neutral
I feel neutral about the teaching.,neutral
The explanation level is average.,neutral
I appreciate the way concepts are broken down.,positive
The teacher explains concepts really well.,positive
The teacher explains concepts really well.,positive
Teaching speed is perfect and engaging.,positive
"The class was okay, neither too good nor too bad.",neutral
The lecture was confusing and hard to understand.,negative
The teacher explains concepts really well.,positive
Class was normal without any major issues.,neutral
The teaching style is acceptable.,neutral
I appreciate the way concepts are broken down.,positive
"Sometimes it was clear, sometimes confusing.",neutral
The lessons were well-structured and informative.,positive
The class had both good and bad points.,neutral
The examples used in class were helpful.,positive
The pace is too fast for proper understanding.,negative
The class had both good and bad points.,neutral
The pace is too fast for proper understanding.,negative
The class lacks clarity and structure.,negative
The lessons were well-structured and informative.,positive
The teacher does not engage the class.,negative
The teacher needs to improve communication.,negative
"Sometimes it was clear, sometimes confusing.",neutral
I did not understand the topic at all.,negative
The interactive teaching keeps me engaged.,positive
Examples are not clear and too few.,negative
The pace is too fast for proper understanding.,negative
I appreciate the way concepts are broken down.,positive
Class was normal without any major issues.,neutral
The lecture was very clear and easy to understand.,positive
The teacher needs to improve communication.,negative
I feel neutral about the teaching.,neutral
The pace is too fast for proper understanding.,negative
I appreciate the way concepts are broken down.,positive
The explanation level is average.,neutral
The teaching quality is excellent.,positive
The examples used in class were helpful.,positive
The teacher does not engage the class.,negative
The lecture was very clear and easy to understand.,positive
I appreciate the way concepts are broken down.,positive
The lecture was very clear and easy to understand.,positive
The teaching style is poor and ineffective.,negative
I did not understand the topic at all.,negative
Examples are not clear and too few.,negative
I appreciate the way concepts are broken down.,positive
The teacher does not engage the class.,negative
The class had both good and bad points.,neutral
I appreciate the way concepts are broken down.,positive
Examples are not clear and too few.,negative
The lecture was average.,neutral
I enjoyed the class and learned a lot.,positive
I feel neutral about the teaching.,neutral
I struggled to follow the lesson.,negative
The class lacks clarity and structure.,negative
The teaching style is acceptable.,neutral
I did not understand the topic at all.,negative
The class had both good and bad points.,neutral
The lessons were well-structured and informative.,positive
The lecture was average.,neutral
"The class was okay, neither too good nor too bad.",neutral
The class had both good and bad points.,neutral
"The class was okay, neither too good nor too bad.",neutral
The class had both good and bad points.,neutral
I feel neutral about the teaching.,neutral
The teacher explains concepts really well.,positive
The lecture was very clear and easy to understand.,positive
The lecture was confusing and hard to understand.,negative
The teacher explains concepts really well.,positive
The lecture was confusing and hard to understand.,negative
The interactive teaching keeps me engaged.,positive
I did not understand the topic at all.,negative
The teaching style is poor and ineffective.,negative
The lecture was very clear and easy to understand.,positive
The teacher needs to improve communication.,negative
The lecture was average.,neutral
The pace is too fast for proper understanding.,negative
Teaching speed is perfect and engaging.,positive
The explanation level is average.,neutral
The teacher motivates us to learn.,positive
I feel neutral about the teaching.,neutral
I appreciate the way concepts are broken down.,positive
I enjoyed the class and learned a lot.,positive
The examples used in class were helpful.,positive
"Sometimes it was clear, sometimes confusing.",neutral
The explanation level is average.,neutral
The examples used in class were helpful.,positive
I feel neutral about the teaching.,neutral
The lecture was very clear and easy to understand.,positive
The learning experience was moderate.,neutral
I feel neutral about the teaching.,neutral
Overall the experience was fine.,neutral
The class lacks clarity and structure.,negative
I enjoyed the class and learned a lot.,positive
The interactive teaching keeps me engaged.,positive
The teaching style is poor and ineffective.,negative
Teaching speed is perfect and engaging.,positive
The learning experience was moderate.,neutral
Too fast and not explaining concepts properly.,negative
The interactive teaching keeps me engaged.,positive
The lecture was very clear and easy to understand.,positive
The examples used in class were helpful.,positive
The teacher motivates us to learn.,positive
The teacher motivates us to learn.,positive
The class lacks clarity and structure.,negative
The lecture was very clear and easy to understand.,positive
Too fast and not explaining concepts properly.,negative
I appreciate the way concepts are broken down.,positive
Overall the experience was fine.,neutral
The teacher explains concepts really well.,positive
The class had both good and bad points.,neutral
The teaching style is acceptable.,neutral
The teaching style is acceptable.,neutral
I appreciate the way concepts are broken down.,positive
I feel neutral about the teaching.,neutral
The lecture was very clear and easy to understand.,positive
The teacher needs to improve communication.,negative
The lessons were well-structured and informative.,positive
The teaching style is poor and ineffective.,negative
The lecture was average.,neutral
Teaching speed is perfect and engaging.,positive
Teaching speed is perfect and engaging.,positive
Teaching speed is perfect and engaging.,positive
Overall the experience was fine.,neutral
I struggled to follow the lesson.,negative
The learning experience was moderate.,neutral
"The class was okay, neither too good nor too bad.",neutral
The teacher needs to improve communication.,negative
Class was normal without any major issues.,neutral
The teaching style is acceptable.,neutral
I appreciate the way concepts are broken down.,positive
The lessons were well-structured and informative.,positive
The class lacks clarity and structure.,negative
The teaching style is poor and ineffective.,negative
The teaching style is acceptable.,neutral
The teaching style is poor and ineffective.,negative
The lecture was confusing and hard to understand.,negative
The lecture was very clear and easy to understand.,positive
The learning experience was moderate.,neutral
The teaching quality is excellent.,positive
Too fast and not explaining concepts properly.,negative
The class lacks clarity and structure.,negative
I enjoyed the class and learned a lot.,positive
"Sometimes it was clear, sometimes confusing.",neutral
Overall the experience was fine.,neutral
The teaching style is acceptable.,neutral
Too fast and not explaining concepts properly.,negative
I appreciate the way concepts are broken down.,positive
The teacher does not engage the class.,negative
The learning experience was moderate.,neutral
The teacher explains concepts really well.,positive
The interactive teaching keeps me engaged.,positive
"The class was okay, neither too good nor too bad.",neutral
Too fast and not explaining concepts properly.,negative
"Sometimes it was clear, sometimes confusing.",neutral
The teacher motivates us to learn.,positive
"Sometimes it was clear, sometimes confusing.",neutral
"Sometimes it was clear, sometimes confusing.",neutral
The lecture was average.,neutral
Too fast and not explaining concepts properly.,negative
The teacher needs to improve communication.,negative
The teacher does not engage the class.,negative
Examples are not clear and too few.,negative
"The class was okay, neither too good nor too bad.",neutral
I did not understand the topic at all.,negative
The teaching style is acceptable.,neutral
The lecture was very clear and easy to understand.,positive
The interactive teaching keeps me engaged.,positive
The teaching style is poor and ineffective.,negative
